{"cameraMode":{"drawMode":0,"name":"Shaded","section":"Shading Mode"},"sceneLighting":false,"audioPlay":false,"sceneViewState":{"showFog":true,"showMaterialUpdate":false,"showSkybox":false,"showFlares":true,"showImageEffects":true,"showParticleSystems":true},"in2DMode":false,"pivot":{"x":0.0000171661376953125,"y":31.5179443359375,"z":0.1022491455078125},"rotation":{"x":-0.0031062874477356674,"y":-0.97047358751297,"z":0.24089737236499787,"w":-0.012513055466115475},"size":10.0,"orthographic":false}