{"cameraMode":{"drawMode":0,"name":"Shaded","section":"Shading Mode"},"sceneLighting":true,"audioPlay":false,"sceneViewState":{"showFog":true,"showMaterialUpdate":false,"showSkybox":true,"showFlares":true,"showImageEffects":true,"showParticleSystems":true},"in2DMode":false,"pivot":{"x":-3.1737468242645265,"y":15.700878143310547,"z":14.907060623168946},"rotation":{"x":0.0042670234106481079,"y":0.9136502146720886,"z":-0.4063684046268463,"w":0.009593682363629341},"size":5.567107200622559,"orthographic":false}